<?xml version="1.0" encoding="UTF-8"?>
<VOTABLE xmlns="http://www.ivoa.net/xml/VOTable/v1.2" xmlns:xsi="http://www.w3.org/2001/XMLSchema-instance" version="1.2">

    <INFO name="$dp02_dc2_catalogs_DiaObject_diaObjectId$" ID="$dp02_dc2_catalogs_DiaObject_diaObjectId$" value="this will be dropped..." />

    <RESOURCE type="meta" utype="adhoc:service">
      <DESCRIPTION>Retrieve DiaSource time series</DESCRIPTION>
      <GROUP name="inputParams">
        <PARAM name="id" datatype="long" ref="$dp02_dc2_catalogs_DiaObject_diaObjectId$" value="" ucd="meta.id">
          <DESCRIPTION>Object ID for time series</DESCRIPTION>
        </PARAM>
        <PARAM name="table" datatype="char" arraysize="*" value="dp02_dc2_catalogs.DiaSource">
          <DESCRIPTION>Table containing time series data</DESCRIPTION>
        </PARAM>
        <PARAM name="band_column" datatype="char" arraysize="*" value="filterName">
            <DESCRIPTION>Name of the filter band in time series table</DESCRIPTION>
        </PARAM>
        <PARAM name="id_column" datatype="char" arraysize="*" value="diaObjectId">
          <DESCRIPTION>Foreign key in time series table</DESCRIPTION>
        </PARAM>
        <PARAM name="join_time_column" datatype="char" arraysize="*" value="dp02_dc2_catalogs.CcdVisit.expMidptMJD">
          <DESCRIPTION>Foreign column spec for time retrieval</DESCRIPTION>
        </PARAM>
        <PARAM name="band" datatype="char" arraysize="*" value="all">
          <DESCRIPTION>Filter band to retrieve (default: all)</DESCRIPTION>
          <VALUES>
            <OPTION value="all"/>
            <OPTION value="u"/>
            <OPTION value="g"/>
            <OPTION value="r"/>
            <OPTION value="i"/>
            <OPTION value="z"/>
            <OPTION value="y"/>
          </VALUES>
        </PARAM>
        <PARAM name="detail" datatype="char" arraysize="*" value="principal">
          <DESCRIPTION>Level of detail for time series (default: principal)</DESCRIPTION>
          <VALUES>
            <OPTION value="full"/>
            <OPTION value="principal"/>
            <OPTION value="minimal"/>
        </VALUES>
        </PARAM>
      </GROUP>
      <PARAM name="accessURL" datatype="char" arraysize="*" value="$baseUrl$/api/datalink/timeseries"/>
      <PARAM name="standardID" datatype="char" arraysize="*" value="lsst://api.data.lsst.cloud/datalink/timeseries#v0.1"/>
    </RESOURCE>
</VOTABLE>
